
{
    "region" : "us-west-2",
    "profile" : "vsIDE",
    "configuration" : "Release",
    "framework"     : "net6.0",
    "function-name" : "sweet-tweets",
    "package-type"  : "Zip",
    "function-handler" : "sweet-tweets-api",
    "function-memory-size" : 256,
    "function-role"        : "arn:aws:iam::751566569896:role/lambda_exec_sweet-tweets",
    "function-timeout"     : 10,
    "function-runtime"     : "dotnet6",
    "function-architecture" : "x86_64",
    "function-subnets"      : "",
    "function-security-groups" : "",
    "tracing-mode"             : "PassThrough",
    "environment-variables"    : "",
    "image-tag"                : "",
    "function-description"     : ""
}